a,b,c,d,e
4,Yes,Yes,Encourage intercultural events and festivals,Yes
3,Yes,Yes,Promote education on diversity and inclusion,No
2,Yes,Yes,Create policies supporting multiculturalism and equality,No
4,No,Yes,Foster dialogue between different communities,Yes
5,No,Yes,Implement anti-discrimination laws and enforcement,Yes
3,Yes,Yes,Offer diversity training in workplaces,No
4,No,Yes,Support community-led initiatives for cultural exchange,Yes
2,Yes,Yes,Develop media campaigns promoting diversity and tolerance,No
5,No,Yes,Establish cultural exchange programs,Yes
3,No,Yes,Engage in community outreach and dialogue,No
1,Yes,Yes,Improve representation of diverse voices in media,No
4,No,Yes,Create support networks for marginalized groups,Yes
3,Yes,Yes,Encourage cross-cultural understanding through education,No
5,No,Yes,Promote diversity in leadership positions,Yes
2,Yes,Yes,Support language accessibility for all,No
4,Yes,Yes,Foster partnerships between different cultural organizations,Yes
3,Yes,Yes,Combat stereotypes through public awareness campaigns,No
5,No,Yes,Provide resources for cultural sensitivity training,Yes
4,No,Yes,Encourage diverse perspectives in decision-making,Yes
2,Yes,Yes,Establish equality-focused policies in workplaces,No
3,Yes,Yes,Develop inclusive public spaces and events,No
4,No,Yes,Create platforms for sharing diverse cultural stories,Yes
5,No,Yes,Advocate for multicultural policies at the governmental level,Yes
2,Yes,Yes,Encourage diversity in educational curriculum,No
4,Yes,Yes,Promote intercultural dialogue through art and music,Yes
3,Yes,Yes,Support diversity in hiring practices,No
5,No,Yes,Celebrate cultural heritage months,Yes
1,Yes,Yes,Address implicit biases through education,No
4,Yes,Yes,Encourage volunteerism in multicultural communities,Yes
3,Yes,Yes,Provide resources for multicultural counseling,No
2,Yes,Yes,Establish diversity committees in organizations,No
4,No,Yes,Advocate for refugee and immigrant rights,Yes
5,No,Yes,Offer cultural sensitivity training for law enforcement,Yes
3,Yes,Yes,Support diversity in sports and recreation programs,No
4,Yes,Yes,Promote cultural competency in healthcare,No
2,Yes,Yes,Develop mentorship programs for diverse youth,No
5,No,Yes,Create platforms for sharing immigrant success stories,Yes
4,Yes,Yes,Foster partnerships between schools from different cultural backgrounds,Yes
3,Yes,Yes,Establish community dialogues on diversity,No
5,No,Yes,Promote cultural awareness through food festivals,Yes
4,No,Yes,Encourage diversity in academic research,Yes
2,Yes,Yes,Develop inclusive housing policies,No
3,Yes,Yes,Support language learning programs,No
1,Yes,Yes,Encourage diverse representation in advertising,No
4,Yes,Yes,Create scholarships for students from diverse backgrounds,Yes
5,No,Yes,Provide resources for cultural heritage preservation,Yes
3,Yes,Yes,Support refugee integration programs,No

